Table S3. Summary of candidate genes pinpointed via RNA-seq,,,,,,,,,,,,,
Index,Patient ID,Sex,Primary symptoms,Candidate gene,Candidate due to,Variant DNA level,Variant RNA level,Variant protein level,Variant class,RNA defect,,,RNA-seq variant call
,,,,,,,,,,Aberrant expression,Aberrant splicing,MAE,
1,R72253,male,infantile-onset neurodegenerative disorder,MGST1,Missing both variants,,no pathogenic variant identified,,,x,,,
,,,,NM_001260511.1,,,,,,,,,
2,R75000,male,"cardiac malformation, hypoglycaemia, respiratory distress, CIV defect",MTO1,Missing second variant,chr6:74192343:G>C,c.1712G>C,p.Arg571Thr,missense,x,x,,
,,,,NM_001123226.1,,,no pathogenic variant identified,,,,,,
3,R91016,female,"Leigh syndrome, CI defect",NDUFAF2,Missing both variants,,no pathogenic variant identified,,,x,,,
,,,,NM_174889.4,,,,,,,,,
4,R82353,male,"Mitochondrial cytopathy, MELAS suspected",SGCE,Missing both variants,,no pathogenic variant identified,,,x,,,
,,,,NM_001099400.1,,,,,,,,,
5,R34834,female,"psychomotor retardation, hypotonia, spasticity, epilepsy",LETM1,Undescribed disease gene,chr4:1816309:G>C,c.2071-9C>G,p.Ile691Cysfs*3,splice region,x,x,,
,,,,NM_012318.2,,chr4:1816309:G>C,c.2071-9C>G,p.Ile691Cysfs*3,splice region,,,,
6,R78764,female,Leigh syndrome,NDUFAF2,Missing both variants,,no pathogenic variant identified,,,x,,,
,,,,NM_174889.4,,,,,,,,,
7,R32226,male,"Metabolic acidosis, hyperaldosteronism, hyperlipidemia, leukodystrophy, microcephaly, short stature, decreased body weight, severe hearing impairment",NRG1,Missing second variant,chr8:32463133:T>C; chr8:32463206:G>C,c.332T>C; c.400+5G>C,p. Met111Thr; p.?,missense; splice region,,,,
,,,,NM_001160002.1,,,no pathogenic variant identified,,,,,x,
8,R47500,male,"Recurrent respiratory infections, cerebral atrophy, epileptic encephalopathy, hypotonia",NAXD,Missing second variant,chr13:111286890:A>G,c.495-2A>G,p.?,splice acceptor,,x,,
,,,,NM_001242881.1,,,no pathogenic variant identified,,,,,,
9,R30367,female,"polyneuropathy, exercise intolerance, distrubed vision, eczema, hypertension",COQ10A,Undescribed disease gene,chr12:56663345:G>A,c.576G>A,p.(Ser192=),splice region,x,x,,
,,,,NM_144576.3,,chr12:56663345:G>A,c.576G>A,p.(Ser192=),splice region,,,,
10,R76358,male,"white matter abnormality on MRI
",SFXN3,Undescribed disease gene,chr10:102796962:T>C,c.733+2T>C,p.Val232_Ala245delfs*5,splice donor,x,x,,
,,,,NM_030971.3,,chr10:102796962:T>C,c.733+2T>C,p.Val232_Ala245delfs*5,splice donor,,,,
11,R12128,male,Leigh syndrome,NDUFAF2,Missing both variants,,no pathogenic variant identified,,,x,,,
,,,,NM_174889.4,,,,,,,,,
27,R45867,male,"died as infant of heart failure, complex V defect",MRPS30,Undescribed disease gene,chr5:44810643:T>G,c.602-468T>G,p.Asp201Valfs*14,intronic,x,x,,x
,,,,NM_016640.3,,chr5:44810643:T>G,c.602-468T>G,p.Asp201Valfs*14,intronic,,,,
,,,,,,,,,,,,,
,,,,,,,,,,,,,
,,,,,,,,,,,,,
,,,,,,,,,,,,,
,,,,,,,,,,,,,
,,,,,,,,,,,,,
,,,,,,,,,,,,,
,,,,,,,,,,,,,
,,,,,,,,,,,,,
,,,,,,,,,,,,,
,,,,,,,,,,,,,
,,,,,,,,,,,,,
,,,,,,,,,,,,,
,,,,,,,,,,,,,
,,,,,,,,,,,,,
,,,,,,,,,,,,,
,,,,,,,,,,,,,
,,,,,,,,,,,,,
,,,,,,,,,,,,,
,,,,,,,,,,,,,
,,,,,,,,,,,,,
,,,,,,,,,,,,,
,,,,,,,,,,,,,
,,,,,,,,,,,,,
,,,,,,,,,,,,,
,,,,,,,,,,,,,
,,,,,,,,,,,,,
,,,,,,,,,,,,,
,,,,,,,,,,,,,
,,,,,,,,,,,,,
,,,,,,,,,,,,,
,,,,,,,,,,,,,
,,,,,,,,,,,,,
,,,,,,,,,,,,,
,,,,,,,,,,,,,
,,,,,,,,,,,,,
,,,,,,,,,,,,,
,,,,,,,,,,,,,
,,,,,,,,,,,,,
,,,,,,,,,,,,,
,,,,,,,,,,,,,
,,,,,,,,,,,,,
,,,,,,,,,,,,,
,,,,,,,,,,,,,
,,,,,,,,,,,,,
,,,,,,,,,,,,,
,,,,,,,,,,,,,
,,,,,,,,,,,,,
,,,,,,,,,,,,,
,,,,,,,,,,,,,
,,,,,,,,,,,,,
,,,,,,,,,,,,,
,,,,,,,,,,,,,
,,,,,,,,,,,,,
,,,,,,,,,,,,,
,,,,,,,,,,,,,
,,,,,,,,,,,,,
,,,,,,,,,,,,,
,,,,,,,,,,,,,
,,,,,,,,,,,,,
,,,,,,,,,,,,,
,,,,,,,,,,,,,
,,,,,,,,,,,,,
,,,,,,,,,,,,,
,,,,,,,,,,,,,
,,,,,,,,,,,,,
,,,,,,,,,,,,,
,,,,,,,,,,,,,
,,,,,,,,,,,,,
,,,,,,,,,,,,,
,,,,,,,,,,,,,
,,,,,,,,,,,,,
,,,,,,,,,,,,,
,,,,,,,,,,,,,
,,,,,,,,,,,,,
,,,,,,,,,,,,,
,,,,,,,,,,,,,
,,,,,,,,,,,,,
,,,,,,,,,,,,,
,,,,,,,,,,,,,
,,,,,,,,,,,,,
,,,,,,,,,,,,,
,,,,,,,,,,,,,
,,,,,,,,,,,,,
,,,,,,,,,,,,,
,,,,,,,,,,,,,
,,,,,,,,,,,,,
,,,,,,,,,,,,,
,,,,,,,,,,,,,
,,,,,,,,,,,,,
,,,,,,,,,,,,,
,,,,,,,,,,,,,
,,,,,,,,,,,,,
,,,,,,,,,,,,,
,,,,,,,,,,,,,
,,,,,,,,,,,,,
,,,,,,,,,,,,,
,,,,,,,,,,,,,
,,,,,,,,,,,,,
,,,,,,,,,,,,,
,,,,,,,,,,,,,
,,,,,,,,,,,,,
,,,,,,,,,,,,,
,,,,,,,,,,,,,
,,,,,,,,,,,,,
,,,,,,,,,,,,,
,,,,,,,,,,,,,
,,,,,,,,,,,,,
,,,,,,,,,,,,,
,,,,,,,,,,,,,
,,,,,,,,,,,,,
,,,,,,,,,,,,,
,,,,,,,,,,,,,
,,,,,,,,,,,,,
,,,,,,,,,,,,,
,,,,,,,,,,,,,
,,,,,,,,,,,,,
,,,,,,,,,,,,,
,,,,,,,,,,,,,
,,,,,,,,,,,,,
,,,,,,,,,,,,,
,,,,,,,,,,,,,
,,,,,,,,,,,,,
,,,,,,,,,,,,,
,,,,,,,,,,,,,
,,,,,,,,,,,,,
,,,,,,,,,,,,,
,,,,,,,,,,,,,
,,,,,,,,,,,,,
,,,,,,,,,,,,,
,,,,,,,,,,,,,
,,,,,,,,,,,,,
,,,,,,,,,,,,,
,,,,,,,,,,,,,
,,,,,,,,,,,,,
,,,,,,,,,,,,,
,,,,,,,,,,,,,
,,,,,,,,,,,,,
,,,,,,,,,,,,,
,,,,,,,,,,,,,
,,,,,,,,,,,,,
,,,,,,,,,,,,,
,,,,,,,,,,,,,
,,,,,,,,,,,,,
,,,,,,,,,,,,,
,,,,,,,,,,,,,
,,,,,,,,,,,,,
,,,,,,,,,,,,,
,,,,,,,,,,,,,
,,,,,,,,,,,,,
,,,,,,,,,,,,,
,,,,,,,,,,,,,
,,,,,,,,,,,,,
,,,,,,,,,,,,,
,,,,,,,,,,,,,
,,,,,,,,,,,,,
,,,,,,,,,,,,,
,,,,,,,,,,,,,
,,,,,,,,,,,,,
,,,,,,,,,,,,,
,,,,,,,,,,,,,
,,,,,,,,,,,,,
,,,,,,,,,,,,,
,,,,,,,,,,,,,
,,,,,,,,,,,,,
,,,,,,,,,,,,,
,,,,,,,,,,,,,
,,,,,,,,,,,,,
,,,,,,,,,,,,,
,,,,,,,,,,,,,
,,,,,,,,,,,,,
,,,,,,,,,,,,,
,,,,,,,,,,,,,
,,,,,,,,,,,,,
,,,,,,,,,,,,,
,,,,,,,,,,,,,
,,,,,,,,,,,,,
,,,,,,,,,,,,,
,,,,,,,,,,,,,